term,estimate,std.error,statistic,p.value,conf.low,conf.high
(Intercept),1.0456927219203218,0.14742745505420787,7.092930699616494,1.260003954307063e-5,0.724475891403025,1.3669095524376185
regionEurope,0.00545226814172805,0.0414044927187078,0.13168300789891216,0.8974171083293129,-0.08476037179965584,0.09566490808311195
regionMiddle East,-0.241777686683353,0.06860898566194852,-3.5239944790124804,0.004192492711790279,-0.39126382487406136,-0.09229154849264465
regionNorth America,0.008725666775186356,0.04435420760321426,0.1967269228039151,0.8473337367445877,-0.08791384980042062,0.10536518335079333
regionSouth Asia,-0.017608320155886314,0.04448309420532541,-0.3958429706937583,0.6991684916291314,-0.11452865651374526,0.07931201620197263
plot_proxy,-8.826957968725548,1.2921416428893564,-6.831261895551634,1.8200449786653346e-5,-11.642292758000167,-6.011623179450928
